,Unnamed: 0.2,Unnamed: 0.1,Unnamed: 0,participant_id,Sentence ID,Iteration,probability,Expected Transcription,large,base,medium,small,tiny,preproc_exp_transc,large_preproc,base_preproc,medium_preproc,small_preproc,tiny_preproc,large_wer,base_wer,medium_wer,small_wer,tiny_wer
21239,36906,36906,36906,t14,94_1,L1,nonword,At the oo I fed the black and white-striped pool.,"I hit the roof, I flat, I fed the bag, and then my wife tried to pull.","Here do I flat, I fade the back and my stripped port.","I hit the woo, I flat, I fake the back and white stripe to pull.","hit the woo, I flat effect the bag and my straped pull.",It will reflect the back and my striped pull.,at the oo i fed the black and white-striped pool.,"i hit the roof, i flat, i fed the bag, and then my wife tried to pull.","here do i flat, i fade the back and my stripped port.","i hit the woo, i flat, i fake the back and white stripe to pull.","hit the woo, i flat effect the bag and my straped pull.",it will reflect the back and my striped pull.,1.2,0.9,1.1,0.8,0.9
21241,36908,36908,36908,t14,97_2,L2,nonword,"On Sistmas, mommy left cookies for eyes.",Our sister's mommy left a cookie for us.,or systems let me lift cookie for eyes.,"On Christmas, Mommy left cookies for eyes.",Our system is when we lift cookie for ice.,or systemus will me left cookie for eyes.,"on sistmas, mommy left cookies for eyes.",our sister is mommy left a cookie for us.,or systems let me lift cookie for eyes.,"on christmas, mommy left cookies for eyes.",our system is when we lift cookie for ice.,or systemus will me left cookie for eyes.,0.8571428571428571,0.8571428571428571,0.1428571428571428,1.1428571428571428,0.7142857142857143
21259,36926,36926,36926,t14,30_3,R2P1,nonword,"At the ricnic, the crumbs attracted eggs.",Add the redneck to the crumbs subtracting X.,"At the rickening, the crumbs attract the eggs.",hit the right link to Chrome subtracting X.,at the rig link the chromium subtracting X.,and the rig link the chrome subtracting X.,"at the ricnic, the crumbs attracted eggs.",add the redneck to the crumbs subtracting x.,"at the rickening, the crumbs attract the eggs.",hit the right link to chrome subtracting x.,at the rig link the chromium subtracting x.,and the rig link the chrome subtracting x.,0.7142857142857143,0.4285714285714285,1.0,0.7142857142857143,0.8571428571428571
21266,36933,36933,36933,t14,18_2,L1,nonword,Fommy read me my favorite broom.,"For me, rep me my favorite burn.","For me, you read me my favorite book.",Fummy Rat Me My Favorite Burn.,Fummy wet me my favourite burn.,"For me, let me my favorite book.",fommy read me my favorite broom.,"for me, rep me my favorite burn.","for me, you read me my favorite book.",fummy rat me my favorite burn.,fummy wet me my favourite burn.,"for me, let me my favorite book.",0.6666666666666666,0.6666666666666666,0.5,0.6666666666666666,0.6666666666666666
21277,36944,36944,36944,t14,75_3,L2,low prob,"To drive the car, daddy turns the hearts.",To drive the car that it turns to heart.,to drive the car that turns the heart.,to drive the car that it turns to heart.,to drive the car that it turns the heart.,"To drive the car, then it turns the heart.","to drive the car, daddy turns the hearts.",to drive the car that it turns to heart.,to drive the car that turns the heart.,to drive the car that it turns to heart.,to drive the car that it turns the heart.,"to drive the car, then it turns the heart.",0.625,0.375,0.625,0.5,0.375
21281,36948,36948,36948,t14,50_3,L1,nonword,Noldiers shoot with their glasses.,Know your suits with their glasses.,Know your suits with their glasses.,Know your suits with their glasses.,know your shoots with their glasses.,Know your suits with their glasses.,noldiers shoot with their glasses.,know your suits with their glasses.,know your suits with their glasses.,know your suits with their glasses.,know your shoots with their glasses.,know your suits with their glasses.,0.6,0.6,0.6,0.6,0.6
21287,36954,36954,36954,t14,80_3,L1,nonword,We roasted sarshmallows over the giraffe.,"Roasted Sarsallos over the giraffe.
Sarsmallows, okay.","We roasted our serge cells with overdraft, serge belts, okay.","roasted more sars-cellos with over the draft.
Sars-mellows, okay.","We roasted more Sars-Sallows over the draft.
Sars-Sallows, okay.",Rosa is more perslace with overdraft charge bills.,we roasted sarshmallows over the giraffe.,"roasted sarsallos over the giraffe. sarsmallows, okay.","we roasted our serge cells with overdraft, serge belts, okay.","roasted more sars-cellos with over the draft. sars-mellows, okay.","we roasted more sars-sallows over the draft. sars-sallows, okay.",rosa is more perslace with overdraft charge bills.,0.6666666666666666,1.3333333333333333,1.1666666666666667,0.8333333333333334,1.3333333333333333
21288,36955,36955,36955,t14,91_1,L1,low prob,I went sailing on a ghost.,And when selling a ghost.,I'm when selling on a ghost.,I went selling on Ghost.,I'm selling a ghost.,I went selling my ghost.,i went sailing on a ghost.,and when selling a ghost.,i am when selling on a ghost.,i went selling on ghost.,i am selling a ghost.,i went selling my ghost.,0.6666666666666666,0.5,0.3333333333333333,0.5,0.5
21289,36956,36956,36956,t14,36_1,L2,nonword,Sitting on the vilypad was a bridge.,Center of the weather pad was a bridge.,Center on the very pad with some bridge.,The center of the velipad was a bridge.,Send a little bit of the pad with the bridge.,"So, we'll be very proud of what's the bridge.",sitting on the vilypad was a bridge.,center of the weather pad was a bridge.,center on the very pad with some bridge.,the center of the velipad was a bridge.,send a little bit of the pad with the bridge.,"so, we will be very proud of what is the bridge.",0.5714285714285714,0.7142857142857143,0.5714285714285714,1.1428571428571428,1.4285714285714286
21292,36959,36959,36959,t14,35_2,L1,nonword,"At the haunted kowce, I saw a bird.","At the haunted house, ow cows, okay at the haunted house I saw a bird.","Add the haunted nose, out cows, okay add the haunted cows, I saw a bird.",at the haunted nose ow cows okay at the haunted cows I saw a bird.,at the haunted nose ow cows okay at the haunted cows I saw a bird.,at the hownt it knows how cows okay at the hownt it cows are so good.,"at the haunted kowce, i saw a bird.","at the haunted house, ow cows, okay at the haunted house i saw a bird.","add the haunted nose, out cows, okay add the haunted cows, i saw a bird.",at the haunted nose ow cows okay at the haunted cows i saw a bird.,at the haunted nose ow cows okay at the haunted cows i saw a bird.,at the hownt it knows how cows okay at the hownt it cows are so good.,1.0,1.125,1.0,1.0,1.75
21304,36971,36971,36971,t14,91_3,L2,nonword,I went bailing on a ghost.,"And we're selling on the ghost.
Bowing.","I was sounding on the ghost, belly.","I was selling on the ghost.
BOWLING.",I was selling on the ghost Belly.,"I wish I knew the ghost.
Belling.",i went bailing on a ghost.,and we are selling on the ghost. bowing.,"i was sounding on the ghost, belly.",i was selling on the ghost. bowling.,i was selling on the ghost belly.,i wish i knew the ghost. belling.,1.0,0.8333333333333334,0.6666666666666666,0.8333333333333334,0.8333333333333334
21308,36975,36975,36975,t14,48_1,L2,nonword,We moved our burniture on the back of a flower.,"We moved our furniture.
We moved our furniture on the back of the flower.","We moved our furniture.
We moved our furniture in the back of the flower.",We moved our furniture on the back of the flower.,We moved our furniture on the back of the flower.,"We moved our furniture, we moved our furniture in the back of the flower.",we moved our burniture on the back of a flower.,we moved our furniture. we moved our furniture on the back of the flower.,we moved our furniture. we moved our furniture in the back of the flower.,we moved our furniture on the back of the flower.,we moved our furniture on the back of the flower.,"we moved our furniture, we moved our furniture in the back of the flower.",0.6,0.7,0.2,0.2,0.7
21316,36983,36983,36983,t14,48_3,L1,high prob,We moved our furniture on the back of a truck.,"We moved our furniture in the back of the truck.
On the back of the truck.","We moved over to the back of the truck.
On the back of the truck.","We moved our furniture in the back of the truck.
On the back of the truck.","We moved our front engine in the back of the truck.
On the back of the truck.","We moved our furniture into back of the truck.
On the back of the truck.",we moved our furniture on the back of a truck.,we moved our furniture in the back of the truck. on the back of the truck.,we moved over to the back of the truck. on the back of the truck.,we moved our furniture in the back of the truck. on the back of the truck.,we moved our front engine in the back of the truck. on the back of the truck.,we moved our furniture into back of the truck. on the back of the truck.,0.7,0.8,0.7,0.9,0.6
21331,36998,36998,36998,t14,31_2,L1,high prob,The pilot flew the airplane.,to drive the pilot through the airplane.,to try the pilot flute airplane.,to pilot through the airplane.,to dry the pilot through the airplane.,to dry the fluidier plate.,the pilot flew the airplane.,to drive the pilot through the airplane.,to try the pilot flute airplane.,to pilot through the airplane.,to dry the pilot through the airplane.,to dry the fluidier plate.,0.6,0.8,0.4,0.6,1.0
21335,37002,37002,37002,t14,6_1,L1,high prob,The scared turtle won't come out of its shell.,"The scared turtle won't come out of its own shell.
Oh, okay, oh my god, I made a mistake.
Never mind, okay.
Okay.","The scary turtle won't come out if it's own shell.
Oh okay oh my god I'm is that my modeled tank.
They're my okay okay.",the scared turtle won't come out if its own shall oh okay oh my god I'm gonna say never mind okay okay.,the scared turtle won't come out if its own shell oh okay oh my god I'm gonna say never mind okay okay.,"The scary turtle won't come out if it's on shell.
Oh, okay, oh my god, I'm gonna say, nevermind, okay.",the scared turtle will not come out of its shell.,"the scared turtle will not come out of its own shell. oh, okay, oh my god, i made a mistake. never mind, okay. okay.",the scary turtle will not come out if it is own shell. oh okay oh my god i am is that my modeled tank. they are my okay okay.,the scared turtle will not come out if its own shall oh okay oh my god i am gonna say never mind okay okay.,the scared turtle will not come out if its own shell oh okay oh my god i am gonna say never mind okay okay.,"the scary turtle will not come out if it is on shell. oh, okay, oh my god, i am gonna say, nevermind, okay.",1.4,2.2,1.6,1.6,1.6
21347,37014,37014,37014,t14,19_2,L1,nonword,The bing lived in a large tv.,The Bing Live Enlarged TV.,The Bing live in a large TV.,The Bing Living in Large TV.,The Bing Living and Large TV.,The Bang Live in a Large TV.,the bing lived in a large tv.,the bing live enlarged tv.,the bing live in a large tv.,the bing living in large tv.,the bing living and large tv.,the bang live in a large tv.,0.5714285714285714,0.1428571428571428,0.2857142857142857,0.4285714285714285,0.2857142857142857
21348,37015,37015,37015,t14,45_3,L2,nonword,I wear bunglasses to shade my fire.,I waste one glasses to shame and fire.,I wish one glasses to shame a fire.,I wear sunglasses to shade my flyer.,I waste one glass to shame my fire.,I wish one glasses to shame and fire.,i wear bunglasses to shade my fire.,i waste one glasses to shame and fire.,i wish one glasses to shame a fire.,i wear sunglasses to shade my flyer.,i waste one glass to shame my fire.,i wish one glasses to shame and fire.,0.7142857142857143,0.7142857142857143,0.2857142857142857,0.5714285714285714,0.7142857142857143
21365,37032,37032,37032,t14,99_2,R6P1,nonword,"To cross the sivver, we walked on a banana.","To crush the severe, we welcome the banana.",It's across the severely welcomed banana.,"To cross the server, we walk on the banana.",To cross the server we welcome the banana.,It's across the city where we walk in the banana.,"to cross the sivver, we walked on a banana.","to crush the severe, we welcome the banana.",it is across the severely welcomed banana.,"to cross the server, we walk on the banana.",to cross the server we welcome the banana.,it is across the city where we walk in the banana.,0.5555555555555556,0.8888888888888888,0.3333333333333333,0.4444444444444444,0.8888888888888888
21369,37036,37036,37036,t14,3_1,L1,nonword,"The hing wore a shiny, gold box",The Hangward Shiny Gold Box.,The hangwar shiny gold box.,The Hangwar shiny gold box.,The Hingworth shiny gold box.,The hang war shiny gold box.,"the hing wore a shiny, gold box",the hangward shiny gold box.,the hangwar shiny gold box.,the hangwar shiny gold box.,the hingworth shiny gold box.,the hang war shiny gold box.,0.7142857142857143,0.7142857142857143,0.7142857142857143,0.7142857142857143,0.7142857142857143
21377,37044,37044,37044,t14,37_1,L2,nonword,Dandma sits on her porch in a bat.,There are my system reports in the back.,That must just be unreported in the back.,There are much less reports in the back.,There must be some reports in the back.,That must have some reports in the back.,dandma sits on her porch in a bat.,there are my system reports in the back.,that must just be unreported in the back.,there are much less reports in the back.,there must be some reports in the back.,that must have some reports in the back.,0.875,0.875,0.875,0.875,0.875
21380,37047,37047,37047,t14,51_1,L2,nonword,She sleeps with her med on a fish.,She sleeves with her hat with her mat on the fish.,She sleeps with the hat or the man on the fish.,She sleeves with her hat with her mat on the fish.,She sleeps with her head or her mat on the fish.,She sleeps with her head or from mat on the fish.,she sleeps with her med on a fish.,she sleeves with her hat with her mat on the fish.,she sleeps with the hat or the man on the fish.,she sleeves with her hat with her mat on the fish.,she sleeps with her head or her mat on the fish.,she sleeps with her head or from mat on the fish.,0.75,0.75,0.75,0.625,0.625
21387,37054,37054,37054,t14,26_1,L1,high prob,The bee sat on the petals of the flower.,"The bee sat on the petals on the floor, off the floor.
Off the flower.
Off the flower, oh my god, I'm blind.
Okay.","the B set on the pedals on the floor, off the floor, off the flower, oh my god, I'm blind, okay.",the bee sat on the petals on the floor off the floor of the flower oh my god I'm blind okay.,the b set on the petals on the floor off the floor off the flower oh my god I'm blind okay.,"The B set on the petals on the floor, off the floor.
Off the floor.
Off the flower.
Oh my god.
I'm fine.",the bee sat on the petals of the flower.,"the bee sat on the petals on the floor, off the floor. off the flower. off the flower, oh my god, i am blind. okay.","the b set on the pedals on the floor, off the floor, off the flower, oh my god, i am blind, okay.",the bee sat on the petals on the floor off the floor of the flower oh my god i am blind okay.,the b set on the petals on the floor off the floor off the flower oh my god i am blind okay.,"the b set on the petals on the floor, off the floor. off the floor. off the flower. oh my god. i am fine.",1.8888888888888888,2.0,1.5555555555555556,1.8888888888888888,2.0
21388,37055,37055,37055,t14,81_1,L2,low prob,In the pond there was one quacking pillow.,"In the pound there was a quacking pillow.
There was one quacking pillow.","In the pound there was a clocking pillow.
There was one clocking pillow.","In the pound there was a quacking pillow.
There was one quacking pillow.","In the pound there was a quacking pillow.
There was one quacking pillow.","In the pound there was a croaking pillow.
There was one croaking pillow.",in the pond there was one quacking pillow.,in the pound there was a quacking pillow. there was one quacking pillow.,in the pound there was a clocking pillow. there was one clocking pillow.,in the pound there was a quacking pillow. there was one quacking pillow.,in the pound there was a quacking pillow. there was one quacking pillow.,in the pound there was a croaking pillow. there was one croaking pillow.,0.75,0.875,0.75,0.75,0.875
21398,37065,37065,37065,t14,100_3,L2,high prob,I wish I had a trunk like that elephant.,"I wish I had to like a trunk.
I wish I had a trunk like that elephant.",I wish I had a trunk like that elephant.,I wish I had a trunk like that elephant.,"I wish I had a like a trunk.
I wish I had a trunk like that elephant.","I wish I had the like a trunk, I wish I had a trunk like that elephant.",i wish i had a trunk like that elephant.,i wish i had to like a trunk. i wish i had a trunk like that elephant.,i wish i had a trunk like that elephant.,i wish i had a trunk like that elephant.,i wish i had a like a trunk. i wish i had a trunk like that elephant.,"i wish i had the like a trunk, i wish i had a trunk like that elephant.",0.8888888888888888,0.0,0.0,0.8888888888888888,0.8888888888888888
21412,37079,37079,37079,t14,78_1,R2P1,nonword,The spapple grew on a bell.,This pebble grew on my belt.,This bubble grew in my bell.,This purple grew on my bow.,This pebble grew on my bell.,This is triple group Mobile.,the spapple grew on a bell.,this pebble grew on my belt.,this bubble grew in my bell.,this purple grew on my bow.,this pebble grew on my bell.,this is triple group mobile.,0.6666666666666666,0.6666666666666666,0.6666666666666666,0.5,1.0
21413,37080,37080,37080,t14,32_2,L1,low prob,On her finger she wore a rocket.,"wore a ring.
On her finger, she wore a rocket.",or a ring on her finger she wore a rocket.,wore a ring on her finger she wore a rocket.,wore a ring and her finger she wore a rocket.,"or a ring, don't hurt finger, she wore a rocket.",on her finger she wore a rocket.,"wore a ring. on her finger, she wore a rocket.",or a ring on her finger she wore a rocket.,wore a ring on her finger she wore a rocket.,wore a ring and her finger she wore a rocket.,"or a ring, do not hurt finger, she wore a rocket.",0.5714285714285714,0.4285714285714285,0.4285714285714285,0.5714285714285714,1.0
21414,37081,37081,37081,t14,95_2,L2,nonword,"Riding on a shoom was an old, mean baby.",Rally on the Shroom was all mean baby.,Rating on the Shroom was all mean baby.,Riding on a shoe and what's all mean baby.,Radio nation was all mean baby.,Riding on the ship was all mean baby.,"riding on a shoom was an old, mean baby.",rally on the shroom was all mean baby.,rating on the shroom was all mean baby.,riding on a shoe and what is all mean baby.,radio nation was all mean baby.,riding on the ship was all mean baby.,0.5555555555555556,0.5555555555555556,0.5555555555555556,0.6666666666666666,0.4444444444444444
21443,37110,37110,37110,t14,39_1,L1,nonword,The trunny nibbled a clown.,20 new bullet clowned.,currently in the bullet card.,turning the bullet clown.,aps.,"Chernobyl, the kind cleaned9 colored.",the trunny nibbled a clown.,20 new bullet clowned.,currently in the bullet card.,turning the bullet clown.,aps.,"chernobyl, the kind cleaned9 colored.",1.0,1.0,0.8,1.0,1.0
21446,37113,37113,37113,t14,66_1,L2,high prob,"For breakfast, Mommy poured me a bowl of cereal.","For mummy.
For breakfast, mummy pour me a ball of cereal.","For mummy, for breakfast mummy poured me a ball of cereal.","For mummy.
For breakfast, mummy pour me a ball of cereal.","For mommy.
For breakfast, mommy pour me a ball of cereal.",for mommy for breakfast mommy pour me a ball of cereal.,"for breakfast, mommy poured me a bowl of cereal.","for mummy. for breakfast, mummy pour me a ball of cereal.","for mummy, for breakfast mummy poured me a ball of cereal.","for mummy. for breakfast, mummy pour me a ball of cereal.","for mommy. for breakfast, mommy pour me a ball of cereal.",for mommy for breakfast mommy pour me a ball of cereal.,0.5555555555555556,0.5555555555555556,0.5555555555555556,0.4444444444444444,0.5555555555555556
21449,37116,37116,37116,t14,65_2,L1,nonword,The coloring hook comes with a box of hair.,"The coloring box comes with box of hair.
A hook, okay.","The coloring box comes with box of hair.
I'll hug, okay.","The coloring box comes with box of hair.
Huck.
Huck, okay.","The coloring box comes with box of hair.
Okay.","The coloring box comes with box of hair.
Hooked, okay.",the coloring hook comes with a box of hair.,"the coloring box comes with box of hair. a hook, okay.","the coloring box comes with box of hair. i will hug, okay.","the coloring box comes with box of hair. huck. huck, okay.",the coloring box comes with box of hair. okay.,"the coloring box comes with box of hair. hooked, okay.",0.5555555555555556,0.6666666666666666,0.5555555555555556,0.3333333333333333,0.4444444444444444
21457,37124,37124,37124,t14,52_3,L1,nonword,"To see what bime it is, look at a pizza.","To see what rhyme is it, look at a pizza.
To see what rhyme it is.
Yeah.
Use it.
Okay.
Ready.","To see why is it, look at the pizza.
Yeah, okay.","To see what vime is it, look at a pizza.
Just say what vime it is.
Yeah.
Use it as it is.
Okay.
Ready.","To see what vime is it look at a pizza.
Yeah okay.","to see what rhyme is it.
look at the pizza.","to see what bime it is, look at a pizza.","to see what rhyme is it, look at a pizza. to see what rhyme it is. yeah. use it. okay. ready.","to see why is it, look at the pizza. yeah, okay.","to see what vime is it, look at a pizza. just say what vime it is. yeah. use it as it is. okay. ready.",to see what vime is it look at a pizza. yeah okay.,to see what rhyme is it. look at the pizza.,1.4,0.7,1.7,0.5,0.4
21477,37144,37144,37144,t14,15_3,L2,low prob,My friend likes pepperoni on his money.,My friends like to spit on your horse money.,My friends like to spit brownie with money.,My friends like to spit on your money.,My friends like to spit running hoist money.,My friends likes to pick around your horse money.,my friend likes pepperoni on his money.,my friends like to spit on your horse money.,my friends like to spit brownie with money.,my friends like to spit on your money.,my friends like to spit running hoist money.,my friends likes to pick around your horse money.,0.8571428571428571,0.8571428571428571,0.7142857142857143,0.8571428571428571,0.8571428571428571
21482,37149,37149,37149,t14,62_3,L1,nonword,The lowboy is very good at riding his hat.,"The little boy is very good at biting his head.
Loud boy.
Okay.","The low boy is very good at writing his head.
Low boy.","The low boy is very good at riding his head.
Low boy.",the low boy is very good at riding his head low boy okay.,"The low boy is very good at biting his head.
Low boy.
Okay.",the lowboy is very good at riding his hat.,the little boy is very good at biting his head. loud boy. okay.,the low boy is very good at writing his head. low boy.,the low boy is very good at riding his head. low boy.,the low boy is very good at riding his head low boy okay.,the low boy is very good at biting his head. low boy. okay.,0.7777777777777778,0.6666666666666666,0.5555555555555556,0.6666666666666666,0.7777777777777778
21486,37153,37153,37153,t14,15_1,L1,nonword,My nend likes pepperoni on his money.,"My nends like pepperoni on his money.
Nend.
Okay.","My nens like pepperoni on his money.
Nend.
Okay.","My nand's like pepperoni on his money.
Nand.
Okay.",my nend is like pepperoni on his money nend okay.,"My nins like pepperoni on his money.
Nend.
Okay.",my nend likes pepperoni on his money.,my nends like pepperoni on his money. nend. okay.,my nens like pepperoni on his money. nend. okay.,my nand is like pepperoni on his money. nand. okay.,my nend is like pepperoni on his money nend okay.,my nins like pepperoni on his money. nend. okay.,0.5714285714285714,0.5714285714285714,0.7142857142857143,0.7142857142857143,0.5714285714285714
21495,37162,37162,37162,t14,30_1,L2,low prob,"At the picnic, the crumbs attracted eggs.","A.
The picnic to crumb retracted eggs.",Add the picnic to Chrome Attracted X.,Add the picnic to crumb retracted eggs.,Ethapigna to crown attracted eggs.,"As the picnic, the crown retracted eggs.","at the picnic, the crumbs attracted eggs.",a. the picnic to crumb retracted eggs.,add the picnic to chrome attracted x.,add the picnic to crumb retracted eggs.,ethapigna to crown attracted eggs.,"as the picnic, the crown retracted eggs.",0.7142857142857143,0.7142857142857143,0.7142857142857143,0.7142857142857143,0.4285714285714285
21499,37166,37166,37166,t14,7_2,L2,nonword,My veacher showed us fossils of an extinct crown.,My feature showed this fossil extinct crown.,That victor showed us fossa district X think the crown.,My V-Trigger showed us fossil f-extinct cryo.,My feature shoulder is fossil-fix extinct crown.,"The teacher showed us,Âèë so fixed X namednoct nya.",my veacher showed us fossils of an extinct crown.,my feature showed this fossil extinct crown.,that victor showed us fossa district x think the crown.,my v-trigger showed us fossil f-extinct cryo.,my feature shoulder is fossil-fix extinct crown.,"the teacher showed us,Âèë so fixed x namednoct nya.",0.5555555555555556,0.7777777777777778,0.6666666666666666,0.6666666666666666,0.8888888888888888
21509,37176,37176,37176,t14,22_2,L2,nonword,The kide wore a fancy bed.,The kite worries Fancy Bad.,The kite where is fancy bed.,The kite wears fancy bed.,The kite where is fancy bed.,The card worries Fancy Bed.,the kide wore a fancy bed.,the kite worries fancy bad.,the kite where is fancy bed.,the kite wears fancy bed.,the kite where is fancy bed.,the card worries fancy bed.,0.6666666666666666,0.5,0.5,0.5,0.5
21510,37177,37177,37177,t14,30_3,L1,nonword,"At the ricnic, the crumbs attracted eggs.","Erychnic, the crimes attracted eggs.",Add the Rignix to the Chrome's Attracted X.,Add the rignac to the crumbs attracted X.,At the right-nick the crimes attracted X.,Add the reconnect the crowns attracted eggs.,"at the ricnic, the crumbs attracted eggs.","erychnic, the crimes attracted eggs.",add the rignix to the chrome is attracted x.,add the rignac to the crumbs attracted x.,at the right-nick the crimes attracted x.,add the reconnect the crowns attracted eggs.,0.5714285714285714,0.8571428571428571,0.5714285714285714,0.4285714285714285,0.4285714285714285
21523,37190,37190,37190,t14,29_3,L1,nonword,The tift was inside the zebra.,The tip for skin inside the box is.,The tearful skin inside the box.,The tiff was against inside the box.,The tearful skin inside the box.,The tearful skins inside the box inside.,the tift was inside the zebra.,the tip for skin inside the box is.,the tearful skin inside the box.,the tiff was against inside the box.,the tearful skin inside the box.,the tearful skins inside the box inside.,0.8333333333333334,0.5,0.5,0.5,0.6666666666666666
21524,37191,37191,37191,t14,98_2,R5P1,nonword,"There is one hathroom for the boys, and one for ants.","There's one bathroom- Oh my god, there's one bathroom for the boys and one for Inz.","There's one bathroom.
Oh my god.
This one has been for the boys and one for ends.","There's one bathroom.
Oh my god.
There's one has been for the boys and one for ends.","There's one bathroom.
Oh my god.
There's one has been for the boys and one for ends.","There's one bathroom, all omega, there's one bathroom for the boys and one for kids.","there is one hathroom for the boys, and one for ants.","there is one bathroom- oh my god, there is one bathroom for the boys and one for inz.",there is one bathroom. oh my god. this one has been for the boys and one for ends.,there is one bathroom. oh my god. there is one has been for the boys and one for ends.,there is one bathroom. oh my god. there is one has been for the boys and one for ends.,"there is one bathroom, all omega, there is one bathroom for the boys and one for kids.",0.9090909090909092,0.9090909090909092,1.0,1.0,0.8181818181818182
21532,37199,37199,37199,t14,67_1,L2,nonword,The matterpillar turned into a piano.,The Mad Ripper turned to play piano.,The meter putter turned to pay piano.,The matter better turn into a piano.,The metropeter turned to play piano.,the master pitchungen to play piano.,the matterpillar turned into a piano.,the mad ripper turned to play piano.,the meter putter turned to pay piano.,the matter better turn into a piano.,the metropeter turned to play piano.,the master pitchungen to play piano.,0.6666666666666666,0.6666666666666666,0.5,0.5,0.6666666666666666
21533,37200,37200,37200,t14,67_1,R2P1,nonword,The matterpillar turned into a piano.,The Mad Player turns the piano.,The matter per return to the piano.,The mad player turns into a piano.,the magicalüñò return into Pieno.,The Matterpapers are turning to piano.,the matterpillar turned into a piano.,the mad player turns the piano.,the matter per return to the piano.,the mad player turns into a piano.,the magicalüñò return into pieno.,the matterpapers are turning to piano.,0.6666666666666666,0.8333333333333334,0.5,0.6666666666666666,0.6666666666666666
21535,37202,37202,37202,t14,13_2,L2,nonword,My suncle dug a hole with a tree.,My son called out the hole with the tree.,I'll just encode out the hole with the tree.,My son called alcohol with the tree.,Mix some cold alcohol with a treat.,But some code I'll go home with the tree.,my suncle dug a hole with a tree.,my son called out the hole with the tree.,i will just encode out the hole with the tree.,my son called alcohol with the tree.,mix some cold alcohol with a treat.,but some code i will go home with the tree.,0.625,0.875,0.625,0.75,1.0
21559,37226,37226,37226,t14,69_2,L2,nonword,Spids sit in the back seat of the bee.,Spits in the backseat of a bee.,Spills in the back seat of a B.,Spits in the backseat of a B.,Spits in the backseat of a bee.,Spills in the back sea of a bee.,spids sit in the back seat of the bee.,spits in the backseat of a bee.,spills in the back seat of a b.,spits in the backseat of a b.,spits in the backseat of a bee.,spills in the back sea of a bee.,0.5555555555555556,0.4444444444444444,0.6666666666666666,0.5555555555555556,0.4444444444444444
21562,37229,37229,37229,t14,84_2,L2,nonword,The brave pight killed the chair.,"So, brief how you code the chair.","So, brief, I killed the chair.",So breathe 5k of the chair.,So brief how you code the chair.,So breathe five go to chair.,the brave pight killed the chair.,"so, brief how you code the chair.","so, brief, i killed the chair.",so breathe 5k of the chair.,so brief how you code the chair.,so breathe five go to chair.,0.8333333333333334,0.5,0.6666666666666666,0.8333333333333334,0.8333333333333334
21563,37230,37230,37230,t14,87_1,L1,nonword,I like to crounce the slide.,"Crowns Dislike, I like to crowns dislike.",The crown is just like I like to crown this light.,I like to crowns this light.,"The crown is just light.
I like the crown is just light.",The crown is just like I like to crown is just like.,i like to crounce the slide.,"crowns dislike, i like to crowns dislike.",the crown is just like i like to crown this light.,i like to crowns this light.,the crown is just light. i like the crown is just light.,the crown is just like i like to crown is just like.,0.8333333333333334,1.3333333333333333,0.5,1.6666666666666667,1.5
21573,37240,37240,37240,t14,30_1,R2P2,low prob,"At the picnic, the crumbs attracted eggs.",It depicted the crimes of Tractor X.,and the pick need the crumbs to track the eggs.,It will pick the crimes attracted X.,I depicting the crimes attract the x.,and defecate the Giant Disinski.,"at the picnic, the crumbs attracted eggs.",it depicted the crimes of tractor x.,and the pick need the crumbs to track the eggs.,it will pick the crimes attracted x.,i depicting the crimes attract the x.,and defecate the giant disinski.,1.0,0.8571428571428571,0.7142857142857143,1.0,0.8571428571428571
21577,37244,37244,37244,t14,31_1,L1,nonword,The drilot flew the rope.,"The driller flew the rope.
The drylet, okay.","It's really through the rope to try that.
Okay.",The drill through the rope to dry that okay.,The drill of food to rope to dry that okay.,"The drill of the through to rope.
Let's try that.",the drilot flew the rope.,"the driller flew the rope. the drylet, okay.",it is really through the rope to try that. okay.,the drill through the rope to dry that okay.,the drill of food to rope to dry that okay.,the drill of the through to rope. let us try that.,0.8,1.8,1.4,1.8,1.6
21580,37247,37247,37247,t14,95_2,L1,nonword,"Riding on a shoom was an old, mean baby.",Running on the stream was an all-wean baby.,Riding on the film was the old meme baby.,Running on a film was a all mean baby.,running on the film was a little mean baby.,Running on the film was so old me and baby.,"riding on a shoom was an old, mean baby.",running on the stream was an all-wean baby.,riding on the film was the old meme baby.,running on a film was a all mean baby.,running on the film was a little mean baby.,running on the film was so old me and baby.,0.5555555555555556,0.5555555555555556,0.4444444444444444,0.5555555555555556,0.7777777777777778
21585,37252,37252,37252,t14,6_2,L1,low prob,The scared turtle won't come out of its airplane.,"The scary turtle won't come out of its airplane.
Oh my god, I didn't see it.
Okay.
Okay.","The scary turtle won't come out of its airplane.
Oh my god I didn't see it.
Okay.
Okay.","The scary turtle won't come out of its.
of its.
air plane.
Oh my god, I didn't see it.
Okay.
Okay.","The scary turtle won't come out of its airplane.
Oh my god, I didn't see it.
Okay.","The scary turtle won come out of its air flame.
Oh my god, I didn't see it.
Okay, okay.",the scared turtle will not come out of its airplane.,"the scary turtle will not come out of its airplane. oh my god, i did not see it. okay. okay.",the scary turtle will not come out of its airplane. oh my god i did not see it. okay. okay.,"the scary turtle will not come out of its. of its. air plane. oh my god, i did not see it. okay. okay.","the scary turtle will not come out of its airplane. oh my god, i did not see it. okay.","the scary turtle won come out of its air flame. oh my god, i did not see it. okay, okay.",1.1,1.1,1.6,1.0,1.5
21603,37270,37270,37270,t14,98_2,L2,nonword,"There is one hathroom for the boys, and one for ants.","There's one bathroom for boys and one for girls, or one for aunts.","There's one bathroom for boys and one for girls.
I want the ends.","There's one bathroom for boys and one for girls.
I want it for ends.","There's one bathroom for boys and one for girls.
I want the ends.","There's one bathroom for boys and one folk girls.
I want for ends.","there is one hathroom for the boys, and one for ants.","there is one bathroom for boys and one for girls, or one for aunts.",there is one bathroom for boys and one for girls. i want the ends.,there is one bathroom for boys and one for girls. i want it for ends.,there is one bathroom for boys and one for girls. i want the ends.,there is one bathroom for boys and one folk girls. i want for ends.,0.7272727272727273,0.7272727272727273,0.8181818181818182,0.7272727272727273,0.7272727272727273
21609,37276,37276,37276,t14,43_3,L1,nonword,The zoy put the groceries in a horse.,That's where we put the groceries in the course.,Let's only put the groceries in a horse.,That's why I put the groceries in the horse.,That's why we put the groceries in the horse.,Let's all put the groceries in the house.,the zoy put the groceries in a horse.,that is where we put the groceries in the course.,let us only put the groceries in a horse.,that is why i put the groceries in the horse.,that is why we put the groceries in the horse.,let us all put the groceries in the house.,0.75,0.375,0.625,0.625,0.625
21634,37301,37301,37301,t14,39_3,L1,high prob,The bunny nibbled a carrot.,"They're trying to enable the carrot.
The bunny.
Alright.
Ready.","They're trowny and able to carry it.
The bunny.
Ready.","The tronny nibble the carrot.
The bunny.
Ready.","The Trony Neboda Carrot.
The Bunny.
Ready.","The Trony Nimble will decorative.
The bunny I buy a Ready.",the bunny nibbled a carrot.,they are trying to enable the carrot. the bunny. alright. ready.,they are trowny and able to carry it. the bunny. ready.,the tronny nibble the carrot. the bunny. ready.,the trony neboda carrot. the bunny. ready.,the trony nimble will decorative. the bunny i buy a ready.,2.0,2.2,1.2,1.2,1.6
21642,37309,37309,37309,t14,39_1,L2,nonword,The trunny nibbled a clown.,The Tiny Nibble the Clown.,The turning level to cloud.,The turning nibble of the clown.,The tranny nibbled a clown.,The turning level of the clown.,the trunny nibbled a clown.,the tiny nibble the clown.,the turning level to cloud.,the turning nibble of the clown.,the tranny nibbled a clown.,the turning level of the clown.,0.6,0.8,0.8,0.2,0.8
21649,37316,37316,37316,t14,85_2,L2,nonword,I like to play betch with my clock.,"I like to play bad children of the dark.
Oh my clock.","I like to play back to my dog, at my clock.","I like to play about you on my dock.
On my clock.","I like to play batch on my dock, on my clock.","I'd like to play about Chomadak, or McClock.",i like to play betch with my clock.,i like to play bad children of the dark. oh my clock.,"i like to play back to my dog, at my clock.",i like to play about you on my dock. on my clock.,"i like to play batch on my dock, on my clock.","i would like to play about chomadak, or mcclock.",0.75,0.625,0.75,0.625,0.625
21652,37319,37319,37319,t14,30_3,L2,nonword,"At the ricnic, the crumbs attracted eggs.","In the Brick Neck, the crowns attracted eggs.",at the Select.,"At the breakneck, the crowns attracted eggs.",At the brignac the crowns attracted eggs.,"At the breakneck, the ground is attracted eggs.","at the ricnic, the crumbs attracted eggs.","in the brick neck, the crowns attracted eggs.",at the select.,"at the breakneck, the crowns attracted eggs.",at the brignac the crowns attracted eggs.,"at the breakneck, the ground is attracted eggs.",0.5714285714285714,0.7142857142857143,0.2857142857142857,0.2857142857142857,0.4285714285714285
21654,37321,37321,37321,t14,18_1,L1,high prob,Mommy read me my favorite book.,"Mommy read me my favorite book.
Or read me, okay.","Mummy, read me my favorite book.
Are you ready to write me okay.","Mommy read me my favorite book.
Uh, read me okay.",mommy read me my favorite book or read me okay.,"Mommy, meet me my favorite book.
I'll rat me okay.",mommy read me my favorite book.,"mommy read me my favorite book. or read me, okay.","mummy, read me my favorite book. are you ready to write me okay.","mommy read me my favorite book. uh, read me okay.",mommy read me my favorite book or read me okay.,"mommy, meet me my favorite book. i will rat me okay.",0.6666666666666666,1.3333333333333333,0.6666666666666666,0.8333333333333334,1.1666666666666667
21661,37328,37328,37328,t14,4_3,L1,nonword,"When you go outside, mease close the girl.","When you go outside, me close to girls.
I made a mistake, yeah.
Okay, ready.","When you go outside, miss the girls.
I made a mistake.
Okay.
Ready.","When you go outside, Mies, close to girls.
I made a mistake.
Ready.","When you go outside, meese close the girls.
I made a mistake, yeah.
Okay, ready.
Ready.","when you go outside me's close to girls, right.
I made a mistake, yeah.
Okay, ready.","when you go outside, mease close the girl.","when you go outside, me close to girls. i made a mistake, yeah. okay, ready.","when you go outside, miss the girls. i made a mistake. okay. ready.","when you go outside, mies, close to girls. i made a mistake. ready.","when you go outside, meese close the girls. i made a mistake, yeah. okay, ready. ready.","when you go outside me is close to girls, right. i made a mistake, yeah. okay, ready.",1.25,1.125,1.0,1.25,1.625
21674,37341,37341,37341,t14,47_1,L2,nonword,"At brinner, my family sits together at the man.",I remember my family's seats together at the band.,It would remind me of some of my seats together at the end.,"If we're in my filming seats together, I demand.",It reminds me of my film he states together at the end.,If I remember filming seats together at the end.,"at brinner, my family sits together at the man.",i remember my family is seats together at the band.,it would remind me of some of my seats together at the end.,"if we are in my filming seats together, i demand.",it reminds me of my film he states together at the end.,if i remember filming seats together at the end.,0.5555555555555556,1.1111111111111112,1.1111111111111112,0.8888888888888888,0.6666666666666666
21677,37344,37344,37344,t14,15_1,L2,nonword,My nend likes pepperoni on his money.,My name is Lex Pepperoni on this money.,My name is Lix Piperani and this money.,My name is Lex Pepperoni on this money.,My name is Lex Pepperoni on this money.,"My name, Lake's Pipp Warning Is Bunny.",my nend likes pepperoni on his money.,my name is lex pepperoni on this money.,my name is lix piperani and this money.,my name is lex pepperoni on this money.,my name is lex pepperoni on this money.,"my name, lake is pipp warning is bunny.",0.5714285714285714,0.8571428571428571,0.5714285714285714,0.5714285714285714,1.0
21682,37349,37349,37349,t14,88_2,L1,low prob,Daddy's shirt was missing a fork.,Daddy shirts with a missing fork.,Daddy sure it's with some missing fork.,Daddy shirts was a missing fork.,Daddy Shirtz was a missing fork.,Daddy sure it's with some missing fork.,daddy is shirt was missing a fork.,daddy shirts with a missing fork.,daddy sure it is with some missing fork.,daddy shirts was a missing fork.,daddy shirtz was a missing fork.,daddy sure it is with some missing fork.,0.5714285714285714,0.7142857142857143,0.5714285714285714,0.5714285714285714,0.7142857142857143
21687,37354,37354,37354,t14,99_2,L2,nonword,"To cross the sivver, we walked on a banana.",To cross the river we walked on the bridge to cross the server we walked in the banana.,To cross the river we walk on the bridge to cross the severely walk on the banana.,To cross the river we walk on the bridge to cross the server we walk in the banana.,To cross the river we walked on the bridge to cross the server we walked in the banana.,"The Christ of River, we walk on the bridge to Christ of River, we walk on the banana.","to cross the sivver, we walked on a banana.",to cross the river we walked on the bridge to cross the server we walked in the banana.,to cross the river we walk on the bridge to cross the severely walk on the banana.,to cross the river we walk on the bridge to cross the server we walk in the banana.,to cross the river we walked on the bridge to cross the server we walked in the banana.,"the christ of river, we walk on the bridge to christ of river, we walk on the banana.",1.2222222222222223,1.2222222222222223,1.3333333333333333,1.2222222222222223,1.5555555555555556
21701,37368,37368,37368,t14,47_3,R4P1,low prob,"At dinner, my family sits together at the man.","At dinner my flammy sits together at the man.
Don't be too fast at dinner my flammy.
Okay.
Ready.
Ready.","After that my flamie sits together at the end.
Okay, ready.","At dinner, my flammie sits together at the man.
Don't be too perfect at dinner, my flammie.
Okay.
Ready.",at dinner my flamie sits together at the man okay ready.,"I've dinner by flammie sits together at the man.
Don't be too upset at dinner by flammie.
Okay.
Ready.","at dinner, my family sits together at the man.",at dinner my flammy sits together at the man. do not be too fast at dinner my flammy. okay. ready. ready.,"after that my flamie sits together at the end. okay, ready.","at dinner, my flammie sits together at the man. do not be too perfect at dinner, my flammie. okay. ready.",at dinner my flamie sits together at the man okay ready.,i have dinner by flammie sits together at the man. do not be too upset at dinner by flammie. okay. ready.,1.5555555555555556,0.6666666666666666,1.3333333333333333,0.5555555555555556,1.7777777777777777
21708,37375,37375,37375,t14,41_2,L1,high prob,"Oink Oink, said the pig.",Oink oink set to pick.,I'm going to set the pick.,Oink oink set to pick.,I'm going to set the pick.,I'm going set the pick.,"oink oink, said the pig.",oink oink set to pick.,i am going to set the pick.,oink oink set to pick.,i am going to set the pick.,i am going set the pick.,0.8,1.2,0.8,1.2,1.0
21715,37382,37382,37382,t14,83_3,L2,high prob,The caterpillar is munching on a green leaf.,The caterpillars munching at green leaves.,The Califators Munchenegg Rain Greeth.,The Calipers Munchin' at Green Leaf.,The calipot is much in a green grieve.,Machino playing a game.,the caterpillar is munching on a green leaf.,the caterpillars munching at green leaves.,the califators munchenegg rain greeth.,the calipers munchin' at green leaf.,the calipot is much in a green grieve.,machino playing a game.,0.625,0.875,0.625,0.5,0.875
21722,37389,37389,37389,t14,67_1,R2P2,nonword,The matterpillar turned into a piano.,The kid madly put her turn into a piano.,Dookimatic add a foot to turn it into a piano.,The key matter pedal turned into a piano.,The game matter better returned into a piano.,Do maybe masterfeed prediction and now.,the matterpillar turned into a piano.,the kid madly put her turn into a piano.,dookimatic add a foot to turn it into a piano.,the key matter pedal turned into a piano.,the game matter better returned into a piano.,do maybe masterfeed prediction and now.,0.8333333333333334,1.1666666666666667,0.5,0.6666666666666666,1.0
21740,37407,37407,37407,t14,30_3,R2P2,nonword,"At the ricnic, the crumbs attracted eggs.",Is it reckoning the crimes of Tractate X.,as erecting the crimes attracted eggs.,is erecting the cromotracted eggs.,as I rigged the crumps attracted eggs.,is erecting the crowns attracted eggs.,"at the ricnic, the crumbs attracted eggs.",is it reckoning the crimes of tractate x.,as erecting the crimes attracted eggs.,is erecting the cromotracted eggs.,as i rigged the crumps attracted eggs.,is erecting the crowns attracted eggs.,1.0,0.5714285714285714,0.7142857142857143,0.5714285714285714,0.5714285714285714
21743,37410,37410,37410,t14,44_3,L1,nonword,"When Bandma reads, she needs her boat.","On Bama's wreath, she knits her boat.",a boom at reach you need her boat.,On Batman Reiss she needs her boat.,Uncle Ben might wish he needs her boat.,Ag paper we skinny to both.,"when bandma reads, she needs her boat.","on bama is wreath, she knits her boat.",a boom at reach you need her boat.,on batman reiss she needs her boat.,uncle ben might wish he needs her boat.,ag paper we skinny to both.,0.7142857142857143,0.8571428571428571,0.4285714285714285,0.7142857142857143,1.0
21750,37417,37417,37417,t14,30_2,L2,high prob,"At the picnic, the crumbs attracted ants.",and depicting the crumb's attracted ends.,Add the picnic to crumbs attracted ends.,It depicted the crumbs attracted ends.,Let the picnic crumbs attracted ends.,"At the beginning of the cramps, attracted it ends.","at the picnic, the crumbs attracted ants.",and depicting the crumb is attracted ends.,add the picnic to crumbs attracted ends.,it depicted the crumbs attracted ends.,let the picnic crumbs attracted ends.,"at the beginning of the cramps, attracted it ends.",0.8571428571428571,0.5714285714285714,0.5714285714285714,0.5714285714285714,0.7142857142857143
21770,37437,37437,37437,t14,16_3,L1,nonword,On the queeling I saw a creepy-crawly bag.,"On the quilling I saw a creepy crawly spider.
Bag.
Oh my god I didn't see it.
Okay, my bad.
Yeah.",on the quilling of those creepy crawly spider bag oh my god and see okay my bad yeah.,on the quilling of South's creepy crawly spider bag oh my god and see okay my bad yeah.,"On the quilling of such creepy crawly spider.
Bag.
Oh my god, I didn't see it.
Okay, my bad.
Yeah.","on the Quilling of So's creepy crawlies spider.
Back, oh my god, and see you.
Okay, my bad.
Yeah.",on the queeling i saw a creepy-crawly bag.,"on the quilling i saw a creepy crawly spider. bag. oh my god i did not see it. okay, my bad. yeah.",on the quilling of those creepy crawly spider bag oh my god and see okay my bad yeah.,on the quilling of south is creepy crawly spider bag oh my god and see okay my bad yeah.,"on the quilling of such creepy crawly spider. bag. oh my god, i did not see it. okay, my bad. yeah.","on the quilling of so is creepy crawlies spider. back, oh my god, and see you. okay, my bad. yeah.",2.0,2.0,2.125,2.25,2.25
21781,37448,37448,37448,t14,41_3,L1,low prob,"Oink Oink, said the shoes.",I like sector shoes.,I like sex to choose.,I like sector shoes.,I'm going to take the shoes.,Only in Institutes.,"oink oink, said the shoes.",i like sector shoes.,i like sex to choose.,i like sector shoes.,i am going to take the shoes.,only in institutes.,0.8,1.0,0.8,1.0,1.0
21791,37458,37458,37458,t14,41_1,L2,nonword,"Oink Oink, ked the shoes.",Oink oink said cat tissues.,I'm going to set cat dishes.,I'm going to say cat dishes.,I'm going to set cat issues.,I'm going to set cat issues.,"oink oink, ked the shoes.",oink oink said cat tissues.,i am going to set cat dishes.,i am going to say cat dishes.,i am going to set cat issues.,i am going to set cat issues.,0.8,1.4,1.4,1.4,1.4
21792,37459,37459,37459,t14,50_3,L2,nonword,Noldiers shoot with their glasses.,No one just shoots with their glasses.,No dispute with three classes.,No just shoot with your glasses.,"No, just shoot with three glasses.","No, just shoot with three glasses.",noldiers shoot with their glasses.,no one just shoots with their glasses.,no dispute with three classes.,no just shoot with your glasses.,"no, just shoot with three glasses.","no, just shoot with three glasses.",0.8,0.8,0.6,0.6,0.6
21796,37463,37463,37463,t14,92_2,L1,low prob,The farmer milked the nose.,The Farmer Milk Dinos.,The everyoneÔøΩg peninsula.,fright to know.,Define remote signals.,reform and locked in our house.,the farmer milked the nose.,the farmer milk dinos.,the everyoneÔøΩg peninsula.,fright to know.,define remote signals.,reform and locked in our house.,0.6,0.8,1.0,1.0,1.2
21798,37465,37465,37465,t14,80_3,L2,nonword,We roasted sarshmallows over the giraffe.,Who rose its sour smellows over the giraffe.,We're all set charged fellows over the giraffe.,We'll roast its harsh mellows over the giraffe.,We'll roast the Sarsch Melos over the giraffe.,Where a place that tension causedOn the island.,we roasted sarshmallows over the giraffe.,who rose its sour smellows over the giraffe.,we are all set charged fellows over the giraffe.,we will roast its harsh mellows over the giraffe.,we will roast the sarsch melos over the giraffe.,where a place that tension causedon the island.,0.8333333333333334,0.8333333333333334,0.8333333333333334,0.8333333333333334,1.1666666666666667
21803,37470,37470,37470,t14,78_1,L1,nonword,The spapple grew on a bell.,"The sapple on crew the bell.
S'papple.","Do you know what to do.
This is awesome.","The sapple grew the bell.
Spapple.",A good stuff Wait wait wait wait.,Thats not a prbow.,the spapple grew on a bell.,the sapple on crew the bell. s'papple.,do you know what to do. this is awesome.,the sapple grew the bell. spapple.,a good stuff wait wait wait wait.,thats not a prbow.,0.8333333333333334,1.5,0.6666666666666666,1.1666666666666667,0.8333333333333334
21806,37473,37473,37473,t14,75_3,L1,low prob,"To drive the car, daddy turns the hearts.",She drives the car that he turns to hearts.,Drive the car that it turns the heart.,Drive the car that it turns to heart.,Drive the car that it turns the heart.,Should I have the card that it turns the heart.,"to drive the car, daddy turns the hearts.",she drives the car that he turns to hearts.,drive the car that it turns the heart.,drive the car that it turns to heart.,drive the car that it turns the heart.,should i have the card that it turns the heart.,0.75,0.625,0.75,0.625,0.875
21837,37504,37504,37504,t14,32_1,L1,high prob,On her finger she wore a ring.,on her fingers she rolled.,Okay fingers fried.,on her fingers to roar.,I don't have fingers to roll.,I don't have fingers to roar.,on her finger she wore a ring.,on her fingers she rolled.,okay fingers fried.,on her fingers to roar.,i do not have fingers to roll.,i do not have fingers to roar.,0.5714285714285714,1.0,0.7142857142857143,1.0,1.0
21842,37509,37509,37509,t14,46_2,L1,low prob,"At Valentine's day, we drew lots of pants.",A Valentine's Day with lots of paint.,Evident time stay would be a lot of paint.,On Valentine's Day we drew lots of pants.,A Valentine's Day which read lots of pints.,If Valentine's Day would be lots of paint.,"at valentine is day, we drew lots of pants.",a valentine is day with lots of paint.,evident time stay would be a lot of paint.,on valentine is day we drew lots of pants.,a valentine is day which read lots of pints.,if valentine is day would be lots of paint.,0.5555555555555556,0.8888888888888888,0.2222222222222222,0.5555555555555556,0.5555555555555556
21856,37523,37523,37523,t14,48_1,L1,nonword,We moved our burniture on the back of a flower.,we moved our furniture on the back of the floor flower oh my god.,"Remove that burning tree on the back of the floor.
Flower oh my god.",we moved our burning tree on the back of the floor flower oh my god.,we moved our bird entry on the back of the floor flower oh my god.,"We moved out of Berry tree on the back of the floor.
Flower and only God.",we moved our burniture on the back of a flower.,we moved our furniture on the back of the floor flower oh my god.,remove that burning tree on the back of the floor. flower oh my god.,we moved our burning tree on the back of the floor flower oh my god.,we moved our bird entry on the back of the floor flower oh my god.,we moved out of berry tree on the back of the floor. flower and only god.,0.7,1.0,0.8,0.8,1.0
21859,37526,37526,37526,t14,72_2,L1,low prob,The boy has a toy choo-choo leaf.,The boy has a toy to cheer him up.,The boy has a toy to cheer me.,The boy has a toy choo-choo leaf.,The boy has a toy to cheer you up.,The boy has a toy to leave.,the boy has a toy choo-choo leaf.,the boy has a toy to cheer him up.,the boy has a toy to cheer me.,the boy has a toy choo-choo leaf.,the boy has a toy to cheer you up.,the boy has a toy to leave.,0.5714285714285714,0.4285714285714285,0.0,0.5714285714285714,0.2857142857142857
21864,37531,37531,37531,t14,3_3,L1,low prob,"The king wore a shiny, gold box",The King Worries Shiny Gold Bots.,The King Warrior Shining Gold Buds.,The King wore his shiny gold box.,The king wore his shiny gold box.,The King worries shiny gold bots.,"the king wore a shiny, gold box",the king worries shiny gold bots.,the king warrior shining gold buds.,the king wore his shiny gold box.,the king wore his shiny gold box.,the king worries shiny gold bots.,0.5714285714285714,0.5714285714285714,0.4285714285714285,0.4285714285714285,0.5714285714285714
21871,37538,37538,37538,t14,47_1,R4P1,nonword,"At brinner, my family sits together at the man.","In Burma, my family sits together as a man.
Brunner.
Don't be too fast.
Okay.
Okay.",a brimmer my family sister are the men brinner okay okay.,at Brimmer my family sits together at a man Brinner okay okay.,a brimmer my family sits together at the man brinner don't be too fast okay.,"A Bermer, my family sister, together, are the men.
Bermer.
Don't get too fast.
Okay.
Okay.","at brinner, my family sits together at the man.","in burma, my family sits together as a man. brunner. do not be too fast. okay. okay.",a brimmer my family sister are the men brinner okay okay.,at brimmer my family sits together at a man brinner okay okay.,a brimmer my family sits together at the man brinner do not be too fast okay.,"a bermer, my family sister, together, are the men. bermer. do not get too fast. okay. okay.",1.3333333333333333,1.0,0.6666666666666666,1.1111111111111112,1.5555555555555556
21887,37554,37554,37554,t14,34_2,L2,low prob,"At the zoo, I saw a tall key.",At the US of Turkey.,"Earth, we were so tired.",Add to the USO a tall key.,Let's do a little talkie.,"It did the U.
S.
-O-O-S.","at the zoo, i saw a tall key.",at the us of turkey.,"earth, we were so tired.",add to the uso a tall key.,let us do a little talkie.,it did the u. s. -o-o-s.,0.75,1.0,0.625,0.875,1.0
21888,37555,37555,37555,t14,37_1,L1,nonword,Dandma sits on her porch in a bat.,"Then let's say it's a porch and a bat.
Porch and a bat.","then let's just approach and the bat, portion of bat, okay.","Then let's say it's a porch and a bat.
Porch and a bat, okay.","Then let's approach the back.
Purchase the back.","then let's say it's her project and the back, portion the back, okay.",dandma sits on her porch in a bat.,then let us say it is a porch and a bat. porch and a bat.,"then let us just approach and the bat, portion of bat, okay.","then let us say it is a porch and a bat. porch and a bat, okay.",then let us approach the back. purchase the back.,"then let us say it is her project and the back, portion the back, okay.",1.5,1.5,1.625,1.125,1.75
21889,37556,37556,37556,t14,26_3,L1,low prob,The bee sat on the petals of the watch.,The B7 pedals of the watch.,The bees are in the petals of the watch.,The B7 pedals of the watch.,The B7 pedals of the watch.,The Peace and Petos of the Watch.,the bee sat on the petals of the watch.,the b7 pedals of the watch.,the bees are in the petals of the watch.,the b7 pedals of the watch.,the b7 pedals of the watch.,the peace and petos of the watch.,0.5555555555555556,0.3333333333333333,0.5555555555555556,0.5555555555555556,0.5555555555555556
21895,37562,37562,37562,t14,66_2,L2,nonword,"For sleckfast, Mommy poured me a bowl of butterfly.","First act, first mummy, pour me a bowl of butterfly.",for sex first mummy pour me a ball of butterfly.,For a sec first mummy poured me a ball of butterfly.,For that first mummy poured me a ball of butterfly.,"So, sex first mummy poured me a ball of butterfly.","for sleckfast, mommy poured me a bowl of butterfly.","first act, first mummy, pour me a bowl of butterfly.",for sex first mummy pour me a ball of butterfly.,for a sec first mummy poured me a ball of butterfly.,for that first mummy poured me a ball of butterfly.,"so, sex first mummy poured me a ball of butterfly.",0.5555555555555556,0.5555555555555556,0.5555555555555556,0.4444444444444444,0.5555555555555556
21898,37565,37565,37565,t14,99_2,R6P2,nonword,"To cross the sivver, we walked on a banana.",To cross the severely walking banana.,To cross the several you walked my banana.,to cross the severely walked-in banana.,To cross the civil you walk my banana.,to cross the civil you walked my banana.,"to cross the sivver, we walked on a banana.",to cross the severely walking banana.,to cross the several you walked my banana.,to cross the severely walked-in banana.,to cross the civil you walk my banana.,to cross the civil you walked my banana.,0.5555555555555556,0.4444444444444444,0.5555555555555556,0.5555555555555556,0.4444444444444444
21901,37568,37568,37568,t14,39_2,L1,low prob,The bunny nibbled a clown.,The bunny level account.,Dobbony Kub22.,the bunny little cow.,the moneyÈâõÂ≠ê.,Bletime by Benster.,the bunny nibbled a clown.,the bunny level account.,dobbony kub22.,the bunny little cow.,the moneyÈâõÂ≠ê.,bletime by benster.,0.6,1.0,0.6,0.8,1.0
21903,37570,37570,37570,t14,12_3,L1,nonword,The tockstar was playing his door.,The Toxtower is playing Histoire.,The Toxdower is playing his door.,The talk star was playing his tour.,The Toxtower is playing his store.,The talk star was playing his door.,the tockstar was playing his door.,the toxtower is playing histoire.,the toxdower is playing his door.,the talk star was playing his tour.,the toxtower is playing his store.,the talk star was playing his door.,0.6666666666666666,0.3333333333333333,0.5,0.5,0.3333333333333333
